subject,action,score
S01,squat,25.013565028312577
S02,squat,46.3948797318767
S03,squat,83.84898336993515
S04,squat,12.416997279889529
S05,squat,86.63752643794274
S06,squat,26.937409624768407
S07,squat,88.17317668118889
S08,squat,56.163407152865034
S09,squat,73.81927227382168
S10,squat,36.59498266127089
S11,squat,37.61394928332371
S12,squat,81.05070752875534
S13,squat,95.28554139429167
S14,squat,93.41511845061706
S15,squat,27.893466126724967
S16,squat,0.0
S17,squat,51.06970307113268
S18,squat,91.14047410411197
S19,squat,60.63512805614073
S20,squat,96.47109646527383
S21,squat,63.95591931180991
S22,squat,91.75378911585872
S23,squat,0.0
S24,squat,25.019073260433174
S25,squat,96.44165577161573
S26,squat,2.40778594351832
S27,squat,73.47433348981326
S28,squat,33.76675813582695
S29,squat,0.0
S30,squat,66.29907451826205
S31,squat,9.61333488282412
S32,squat,74.36976312098379
S33,squat,53.85267010081217
S34,squat,80.62306168523821
S35,squat,71.40378460666284
S36,squat,96.50960981673288
S37,squat,4.098573555300987
S38,squat,20.881445449041472
S39,squat,0.0
S40,squat,77.25672411228022
S01,lunge_left,91.25142240541842
S02,lunge_left,95.85436558228781
S03,lunge_left,62.462236645054794
S04,lunge_left,47.36996903160821
S05,lunge_left,33.92777079649845
S06,lunge_left,80.98243932689365
S07,lunge_left,93.09747225816781
S08,lunge_left,86.46007925988718
S09,lunge_left,51.895234403187224
S10,lunge_left,92.51262517053587
S11,lunge_left,84.04937348175176
S12,lunge_left,90.21163233080938
S13,lunge_left,76.43423184627791
S14,lunge_left,93.65266736066172
S15,lunge_left,36.00614998828837
S16,lunge_left,51.93467917142883
S17,lunge_left,81.12389546769128
S18,lunge_left,74.74648163602812
S19,lunge_left,98.66524220797592
S20,lunge_left,94.99399716722269
S21,lunge_left,59.414460982153216
S22,lunge_left,81.33710417374274
S23,lunge_left,73.68055630057711
S24,lunge_left,63.16205903255643
S25,lunge_left,92.61567365537095
S26,lunge_left,84.70853233775145
S27,lunge_left,88.62291339393863
S28,lunge_left,92.66400813177944
S29,lunge_left,95.65164263139832
S30,lunge_left,68.76419776673106
S31,lunge_left,88.60374821150191
S32,lunge_left,83.71726784976002
S33,lunge_left,82.46931391426787
S34,lunge_left,99.78645014035666
S35,lunge_left,76.83191420649818
S36,lunge_left,90.99381411451529
S37,lunge_left,24.959632662774695
S38,lunge_left,57.656468634368665
S39,lunge_left,66.2891955422851
S40,lunge_left,97.52362689065299
S01,lunge_right,90.12498454587356
S02,lunge_right,84.48189885612862
S03,lunge_right,53.775858277387215
S04,lunge_right,32.776619852672525
S05,lunge_right,29.082377479801416
S06,lunge_right,52.28642361084121
S07,lunge_right,78.64356308347976
S08,lunge_right,66.79286364100297
S09,lunge_right,61.93503765788701
S10,lunge_right,80.8519955897905
S11,lunge_right,93.32245190431328
S12,lunge_right,78.65811809323831
S13,lunge_right,37.364278782988166
S14,lunge_right,80.85101934349333
S15,lunge_right,52.08245938973782
S16,lunge_right,68.3086490084656
S17,lunge_right,79.2417060044642
S18,lunge_right,94.59665545236734
S19,lunge_right,84.07505289487142
S20,lunge_right,54.46000418808342
S21,lunge_right,84.16979829858508
S22,lunge_right,97.27158122094016
S23,lunge_right,92.26597285236926
S24,lunge_right,96.47172820173282
S25,lunge_right,90.01194734431508
S26,lunge_right,76.49603062437048
S27,lunge_right,29.56243953599983
S28,lunge_right,95.44404245319694
S29,lunge_right,99.45118721178926
S30,lunge_right,76.08377758395982
S31,lunge_right,87.332395064391
S32,lunge_right,0.0
S33,lunge_right,13.809951508047675
S34,lunge_right,97.5044329939947
S35,lunge_right,83.92499775933908
S36,lunge_right,86.27601726830434
S37,lunge_right,18.613678529974287
S38,lunge_right,89.57819292144572
S39,lunge_right,75.17799174973395
S40,lunge_right,91.16607998504506
S01,limb_extension_left,95.92415296398286
S02,limb_extension_left,87.73148040239897
S03,limb_extension_left,95.84756026810518
S04,limb_extension_left,93.55894619294924
S05,limb_extension_left,93.17292842883
S06,limb_extension_left,91.69216828351824
S07,limb_extension_left,92.8161848560062
S08,limb_extension_left,96.58840600641143
S09,limb_extension_left,90.72859663567806
S10,limb_extension_left,99.14802450480566
S11,limb_extension_left,96.80826305261577
S12,limb_extension_left,95.35072611747631
S13,limb_extension_left,92.96629627695285
S14,limb_extension_left,90.10315364869399
S15,limb_extension_left,75.69911248093224
S16,limb_extension_left,90.49355851219292
S17,limb_extension_left,76.3152448136755
S18,limb_extension_left,97.75787297181789
S19,limb_extension_left,92.69148997516973
S20,limb_extension_left,95.12251083339224
S21,limb_extension_left,92.83467283966851
S22,limb_extension_left,91.19078413841444
S23,limb_extension_left,92.66838316684888
S24,limb_extension_left,98.01278323219614
S25,limb_extension_left,77.71123263557871
S26,limb_extension_left,92.99600349947424
S27,limb_extension_left,90.36946731154151
S28,limb_extension_left,91.3637190269537
S29,limb_extension_left,98.25117177364766
S30,limb_extension_left,95.32941098863095
S31,limb_extension_left,88.83429038267028
S32,limb_extension_left,95.06144143416356
S33,limb_extension_left,99.42572933381253
S34,limb_extension_left,92.21347707754683
S35,limb_extension_left,95.63446470181385
S36,limb_extension_left,94.53019710126657
S37,limb_extension_left,94.32936953031825
S38,limb_extension_left,99.58000744425014
S39,limb_extension_left,94.54413471735708
S40,limb_extension_left,93.99576608080031
S01,limb_extension_right,98.85449826782354
S02,limb_extension_right,94.32344113856263
S03,limb_extension_right,94.22268030790484
S04,limb_extension_right,92.49196942509258
S05,limb_extension_right,94.73054523228403
S06,limb_extension_right,91.69059958811272
S07,limb_extension_right,93.28066864545431
S08,limb_extension_right,98.08403905195041
S09,limb_extension_right,90.8082012255648
S10,limb_extension_right,96.69058520429263
S11,limb_extension_right,97.61424626765711
S12,limb_extension_right,78.66432381643642
S13,limb_extension_right,97.88867223107798
S14,limb_extension_right,91.16841538676917
S15,limb_extension_right,81.40606253377607
S16,limb_extension_right,99.32612780155088
S17,limb_extension_right,79.56541343129643
S18,limb_extension_right,96.93459552858684
S19,limb_extension_right,92.388764107255
S20,limb_extension_right,95.53480187649203
S21,limb_extension_right,95.69770054064301
S22,limb_extension_right,99.70044850517169
S23,limb_extension_right,91.68327136509194
S24,limb_extension_right,98.59750786809263
S25,limb_extension_right,97.10656241846169
S26,limb_extension_right,98.99416297379487
S27,limb_extension_right,91.35816197389897
S28,limb_extension_right,99.1299389057811
S29,limb_extension_right,95.96487460828949
S30,limb_extension_right,91.2826855347952
S31,limb_extension_right,84.23160157494402
S32,limb_extension_right,94.61630585770084
S33,limb_extension_right,97.88209745438229
S34,limb_extension_right,99.14881198001302
S35,limb_extension_right,97.94115709861524
S36,limb_extension_right,94.57959677241206
S37,limb_extension_right,92.00291832681752
S38,limb_extension_right,99.51846013953019
S39,limb_extension_right,95.75738593414249
S40,limb_extension_right,94.58315327830354
S01,jumping_jacks,81.6887188756379
S02,jumping_jacks,95.164305822794
S03,jumping_jacks,93.46998992102598
S04,jumping_jacks,98.10865028010956
S05,jumping_jacks,72.05478102415634
S06,jumping_jacks,65.7311437178655
S07,jumping_jacks,85.94243883769161
S08,jumping_jacks,67.53055292329188
S09,jumping_jacks,93.01896072277734
S10,jumping_jacks,72.60553795624872
S11,jumping_jacks,87.72746108375078
S12,jumping_jacks,92.8955148314929
S13,jumping_jacks,43.270709610896255
S14,jumping_jacks,85.45047619491503
S15,jumping_jacks,94.94307709987257
S16,jumping_jacks,48.57062879452733
S17,jumping_jacks,76.0978449839725
S18,jumping_jacks,93.18179732629892
S19,jumping_jacks,68.48541327971199
S20,jumping_jacks,92.14706000643196
S21,jumping_jacks,65.10576933031362
S22,jumping_jacks,67.11255969934874
S23,jumping_jacks,75.49719996502125
S24,jumping_jacks,75.96270634170178
S25,jumping_jacks,94.39217793772029
S26,jumping_jacks,78.96786624624723
S27,jumping_jacks,79.97219962475242
S28,jumping_jacks,95.42002496766574
S29,jumping_jacks,88.99316485376406
S30,jumping_jacks,94.80748831540099
S31,jumping_jacks,87.04971901524078
S32,jumping_jacks,81.1569224460773
S33,jumping_jacks,87.31228768191315
S34,jumping_jacks,83.39736312513128
S35,jumping_jacks,57.291684492874055
S36,jumping_jacks,91.79815635353867
S37,jumping_jacks,70.39367745663166
S38,jumping_jacks,94.00756142911209
S39,jumping_jacks,83.6842496818474
S40,jumping_jacks,66.45623979556484
